Table S15,GWAS sources for traits used in real-data causal relationship exploration in East Asians (BBJ and TPMI) ,,,,,,,,,,,,
,,,,,,,,,,,,,
EUR phenotype,phecode,EUR samples,EUR cases,EUR controls,EUR data link,BBJ samples,BBJ cases,BBJ controls,BBJ data link,TPMI samples,TPMI cases,TPMI controls,TPMI data link
Body mass index (BMI),21001,359983,-,-,http://www.nealelab.is/uk-biobank,163835,-,-,https://humandbs.dbcls.jp/files/hum0197/hum0197.v3.BBJ.BMI.v1.zip,191458,-,-,https://pheweb.ibms.sinica.edu.tw/pheno/BMI
Hemoglobin (Hb),30020,350474,-,-,http://www.nealelab.is/uk-biobank,152447,-,-,https://humandbs.dbcls.jp/files/hum0197/hum0197.v3.BBJ.Hb.v1.zip,194120,-,-,https://pheweb.ibms.sinica.edu.tw/pheno/HB
Diastolic blood pressure (DBP),4079,340162,-,-,http://www.nealelab.is/uk-biobank,145515,-,-,https://humandbs.dbcls.jp/files/hum0197/hum0197.v3.BBJ.DBP.v1.zip,196215,-,-,https://pheweb.ibms.sinica.edu.tw/pheno/DBP
Alanine aminotransferase (ALT),30620,344136,-,-,http://www.nealelab.is/uk-biobank,150545,-,-,https://humandbs.dbcls.jp/files/hum0197/hum0197.v3.BBJ.ALT.v1.zip,203766,-,-,https://pheweb.ibms.sinica.edu.tw/pheno/ALT
Glucose (BS),30740,314916,-,-,http://www.nealelab.is/uk-biobank,133336,-,-,https://humandbs.dbcls.jp/files/hum0197/hum0197.v3.BBJ.Glucose.v1.zip,111635,-,-,https://pheweb.ibms.sinica.edu.tw/pheno/FG
HbA1c (HbA1c),30750,344182,-,-,http://www.nealelab.is/uk-biobank,71221,-,-,https://humandbs.dbcls.jp/files/hum0197/hum0197.v3.BBJ.HbA1c.v1.zip,90509,-,-,https://pheweb.ibms.sinica.edu.tw/pheno/HbA1c
LDL-cholesterol (LDL-C),30780,343621,-,-,http://www.nealelab.is/uk-biobank,72866,-,-,https://humandbs.dbcls.jp/files/hum0197/hum0197.v3.BBJ.LDLC.v1.zip,165202,-,-,https://pheweb.ibms.sinica.edu.tw/pheno/LDL-C
Breast cancer,174.1,257730,17389,240341,https://humandbs.dbcls.jp/files/hum0197.v3.EUR.BC.v1.zip,79550,6325,73225,https://humandbs.dbcls.jp/files/hum0197.v3.BBJ.BC.v1.zip,173844,11413,162431,https://pheweb.ibms.sinica.edu.tw/pheno/174.1
Prostate cancer,185,211227,11599,199628,https://humandbs.dbcls.jp/files/hum0197.v3.EUR.PrC.v1.zip,90332,5672,84660,https://humandbs.dbcls.jp/files/hum0197.v3.BBJ.PrC.v1.zip,117944,5385,112559,https://pheweb.ibms.sinica.edu.tw/pheno/185
Iron deficiency anemia,280.1,480941,12317,468624,https://humandbs.dbcls.jp/files/hum0197.v3.EUR.IDA.v1.zip,178675,4618,174057,https://humandbs.dbcls.jp/files/hum0197.v3.BBJ.IDA.v1.zip,322188,8817,313371,https://pheweb.ibms.sinica.edu.tw/pheno/280.1
Uterine fibroid,218.1,258718,21024,237694,https://humandbs.dbcls.jp/files/hum0197.v3.EUR.UF.v1.zip,80208,14475,65733,https://humandbs.dbcls.jp/files/hum0197.v3.BBJ.UF.v1.zip,174598,11144,163454,https://pheweb.ibms.sinica.edu.tw/pheno/218.1
Epilepsy,345.1,458310,4382,453928,https://humandbs.dbcls.jp/files/hum0197.v3.EUR.Ep.v1.zip,178254,2466,175788,https://humandbs.dbcls.jp/files/hum0197.v3.BBJ.Ep.v1.zip,315564,2067,313497,https://pheweb.ibms.sinica.edu.tw/pheno/345.1
Cataract,366,491877,39519,452358,https://humandbs.dbcls.jp/files/hum0197.v3.EUR.Cat.v1.zip,178726,38194,140532,https://humandbs.dbcls.jp/files/hum0197.v3.BBJ.Cat.v1.zip,333745,27180,306565,https://pheweb.ibms.sinica.edu.tw/pheno/366
Angina pectoris,411.3,470931,30025,440906,https://humandbs.dbcls.jp/files/hum0197.v3.EUR.Ang.v1.zip,159165,14007,145158,https://humandbs.dbcls.jp/files/hum0197.v3.BBJ.Ang.v1.zip,313114,15468,297646,https://pheweb.ibms.sinica.edu.tw/pheno/411.3
Myocardial infarction,411.2,461823,20917,440906,https://humandbs.dbcls.jp/files/hum0197.v3.EUR.MI.v1.zip,161206,14992,146214,https://humandbs.dbcls.jp/files/hum0197.v3.BBJ.MI.v1.zip,302797,4062,298735,https://pheweb.ibms.sinica.edu.tw/pheno/411.2
Peripheral arterial disease,443.9,483078,7114,475964,https://humandbs.dbcls.jp/files/hum0197.v3.EUR.PAD.v1.zip,177713,4112,173601,https://humandbs.dbcls.jp/files/hum0197.v3.BBJ.PAD.v1.zip,330459,2042,328417,https://pheweb.ibms.sinica.edu.tw/pheno/443.9
Unstable angina pectoris,411.1,456468,9481,446987,https://humandbs.dbcls.jp/files/hum0197.v3.EUR.UAP.v1.zip,152105,5891,146214,https://humandbs.dbcls.jp/files/hum0197.v3.BBJ.UAP.v1.zip,299887,2241,297646,https://pheweb.ibms.sinica.edu.tw/pheno/411.1
Asthma,495,449500,38369,411131,https://humandbs.dbcls.jp/files/hum0197.v3.EUR.As.v1.zip,175948,13015,162933,https://humandbs.dbcls.jp/files/hum0197.v3.BBJ.As.v1.zip,318226,20598,297628,https://pheweb.ibms.sinica.edu.tw/pheno/495
Chronic obstructive pulmonary disease,496.21,468475,13530,454945,https://humandbs.dbcls.jp/files/hum0197.v3.EUR.COPD.v1.zip,166670,4017,162653,https://humandbs.dbcls.jp/files/hum0197.v3.BBJ.COPD.v1.zip,306317,8689,297628,https://pheweb.ibms.sinica.edu.tw/pheno/496.21
Type 2 diabetes,250.2,490089,38841,451248,https://humandbs.dbcls.jp/files/hum0197.v3.EUR.T2D.v1.zip,177415,45383,132032,https://humandbs.dbcls.jp/files/hum0197.v3.BBJ.T2D.v1.zip,328414,59289,269125,https://pheweb.ibms.sinica.edu.tw/pheno/250.2
Rheumatoid arthritis,714.1,417256,8255,409001,https://humandbs.dbcls.jp/files/hum0197.v3.EUR.RA.v1.zip,178616,5348,173268,https://humandbs.dbcls.jp/files/hum0197.v3.BBJ.RA.v1.zip,327086,7391,319695,https://pheweb.ibms.sinica.edu.tw/pheno/714.1
Cholelithiasis,574.1,487553,26122,461431,https://humandbs.dbcls.jp/files/hum0197.v3.EUR.CL.v1.zip,177558,9305,168253,https://humandbs.dbcls.jp/files/hum0197.v3.BBJ.CL.v1.zip,334322,10265,324057,https://pheweb.ibms.sinica.edu.tw/pheno/574.1